hours_studied,attendance_rate,assignments_completed,past_grade,social_activity_hours,sleep_hours,school_type,parent_education,final_grade
3.821770123928726,0.6325294765227828,16,59.68863131027253,2.275379580259435,4.608440210037633,public,bachelors,81.62347288729181
1.6187202825832219,0.9500913014807888,5,56.12838110003496,5.569267055563981,4.24944917992817,public,bachelors,59.57362198191875
0.24584114361716813,0.9766824622119545,12,85.7494776705002,2.275093664833492,7.217374786120695,public,phd,72.05622047586755
0.09916581317117457,0.7047456063415749,17,56.82333490072945,5.922198430194774,5.002678859958519,private,hs,63.14600367783868
4.879621435201635,0.6048405662688771,16,65.2977530137141,3.9333583001502586,5.7932062260285395,public,phd,91.07065081519242
5.47653346366633,0.7932033653735198,12,50.59617714425813,1.6725289604477416,8.610297808974442,public,hs,91.31381764485916
3.639814654603079,0.6730849030649112,9,91.92060894678715,3.2831685292631256,4.709489524009036,private,bachelors,85.50765978740228
4.37697936590399,0.9886525017141071,11,64.44681775540278,4.8020030918663075,8.248951566060976,public,bachelors,87.48371911588579
3.261749948792537,0.9590793740470194,13,87.9295285716777,1.4891291153683202,6.02876784577078,private,masters,96.02237485543684
5.610434542726609,0.9842659543721086,14,93.28706786057413,1.7713996473728493,4.9587167094818385,public,bachelors,100.0
4.8951213247291925,0.8415478630963011,19,82.73534093680914,2.4984907772073277,8.924420982094054,public,bachelors,100.0
0.01643100102088857,0.8060641467610569,17,61.7333834414169,2.1772088824747144,7.038319553354307,public,masters,63.73493409515539
5.144425659525416,0.9330871397520923,15,72.14654636314512,5.636847280388883,5.111186176646572,public,bachelors,93.36563075464218
0.20151345183278613,0.8609395862756084,9,85.21933725569643,3.8829956185610457,7.817076636430922,private,hs,70.05427744309425
4.377932678579665,0.699423070546898,14,81.43907706729094,3.539106227289276,5.852667920504722,public,masters,91.12580538869827
1.053933723615354,0.9737144153031448,9,87.2407264203861,5.680466320410938,6.661291741580372,private,bachelors,70.49364302459722
5.179073534099319,0.7758797799862125,11,74.50584092248103,2.4117687607714955,5.782824150581762,public,hs,97.48039913678662
3.24876732149455,0.9094224913237197,5,79.58761723173892,4.1171953009815585,4.817564590677448,public,hs,73.44729364674953
1.7982713432243087,0.8003751827953947,9,66.3438300823644,1.0113002866797771,8.139738751398834,public,hs,74.6942451822377
2.5361233271859507,0.673342497242051,8,58.61328292611942,5.003263195483003,7.533256902238989,private,bachelors,69.72463233317558
0.1699180268727778,0.7183707388037653,14,81.37581195982641,1.968876550872478,5.302978372627591,public,hs,63.28837836331768
0.7456996589973837,0.8297643075211268,5,50.12970534742111,2.868631568353634,6.638437888756637,private,masters,52.31293801555565
4.023746488161782,0.6572008337057121,9,85.27464235847278,0.16474249938040408,4.063669241609189,public,bachelors,89.87085244408019
3.8831370694455005,0.6054951434465914,5,50.325494917913126,0.8812592617512791,8.224143267168039,public,phd,73.97190477603694
3.692310668887523,0.7735564897399726,7,77.75604142842258,4.886211010262755,5.1116645093208515,public,hs,78.91481895621622
2.3020653255713004,0.9048788687436878,13,76.7576232797303,4.054676745747672,5.538440439653227,private,masters,80.11668181369585
5.983259614735266,0.8456629094971552,8,54.74805893594423,0.029560129853462458,8.453228710436143,private,hs,94.92049965130457
5.8850120326573805,0.7296585503229505,7,76.64910313099952,4.570517424635662,4.982702526849625,public,hs,90.04430260094242
4.113251906884168,0.8868963757181973,16,84.10311784730065,3.760870692108224,7.381958126109341,public,bachelors,100.0
3.902755657606898,0.7938058532439494,6,74.11963811975106,5.687918707858958,4.276004340384039,public,bachelors,81.87443601377859
4.1306803834256405,0.9998005409028108,6,80.27422477770823,5.582674718483669,6.861020550503698,public,hs,83.70899458563403
2.333528543874623,0.9104126609779122,18,81.89022707174752,2.5307032701023853,7.850691210421367,public,bachelors,91.21238150025852
0.8105790301344673,0.9322525765087036,19,59.26594470734625,0.6668438616472041,6.833030780340242,public,hs,74.67072513294292
4.32893004116449,0.7038195624555112,7,91.69774278859897,2.5171240223597167,8.973063955977477,public,bachelors,89.53150180030741
3.1521259348543555,0.6609179851395256,17,64.73936520685501,2.380900838917257,6.954146102170076,private,bachelors,83.74987361032262
1.861451253353734,0.6797215636428,6,76.26658802418633,3.000132760391266,6.102164146557786,public,masters,67.74910945821838
2.9150121529907347,0.7729059857385064,11,54.64322997416543,1.495638525398671,5.48004674315477,public,masters,71.10315171144934
5.336927006094001,0.8048596478483602,19,94.83822576676084,1.9573868575253863,7.167558866465685,public,masters,100.0
5.604261095737498,0.6778437390928937,12,79.43634988440716,0.38416068401248404,7.601242572345136,private,phd,98.13010486622423
2.1467711802544214,0.9119779083954327,15,70.78035350606828,4.5144523717618235,6.039802669174678,public,bachelors,80.47527825763112
3.4291789843785656,0.9473724617668918,18,75.47538858310159,1.6760854877549483,8.752583486674324,private,bachelors,97.23989372154593
1.9312163464556529,0.7264019943040964,15,51.2234745031704,4.084939530853712,7.4390893165849565,public,hs,70.69395939036829
3.5658001811981808,0.803225678702516,5,60.8035840728614,1.6603698083964478,7.048117984405775,public,bachelors,75.26153892329064
2.0274673530427996,0.8377498410051035,13,93.86100754627063,5.04817164972653,5.448410041765582,public,bachelors,84.59407231011272
2.3497140031689674,0.8889512695724495,6,53.64641840131042,1.4294749126048751,8.917756785625949,public,bachelors,66.52922310262528
5.341646112028754,0.6589889817861425,6,56.37654023205622,0.7236206207152442,5.212633168796894,public,phd,84.4674220890182
1.3629455612002783,0.7123484245612626,17,75.7884767525474,4.6860394883396586,6.467893563877839,public,hs,73.78853304005142
3.7391228681162545,0.8922823983433611,17,84.8287456403504,1.3685415132128784,6.29802173512676,private,hs,100.0
0.504092061494309,0.8272769257170507,17,88.37929221278996,1.0473904086437427,6.350799704591035,private,bachelors,78.74964191082701
4.995864885920387,0.9599783173755794,11,88.75527272789982,3.425731162605318,5.803684895353508,public,masters,98.7152763518798
4.7225898449321,0.7791433447954974,11,84.2099970382193,0.37480247317885307,7.564266515795589,public,bachelors,99.35803033915094
1.436216657957713,0.7626451380135392,10,65.64459810860245,3.3510819269825673,8.074747693974839,public,masters,72.5749774114681
5.258905384864223,0.7226028870122809,17,76.17115192572383,0.11019426315814895,4.677846740948991,public,hs,100.0
0.3514082088311661,0.6925490290618982,7,86.59054032982937,2.570362515153886,4.204026687228663,public,hs,62.830534599070745
2.0167023632739625,0.8603065339053593,18,56.24806286815119,2.4917340161647585,6.222702505290714,private,hs,72.45342643256325
0.9016768013690344,0.7058744007290783,6,53.663925791959976,0.5126419616391855,8.997786244959139,public,phd,53.04397273489855
2.702036199895722,0.9449102082572189,9,70.63633381302567,0.4924198041097032,7.3348551394463115,public,masters,81.75476400396964
4.777945621723766,0.7082593582608433,12,63.965315139285025,3.5222660685276415,7.048481243094141,private,bachelors,88.07547155244579
1.3838532539624846,0.8693438524900591,5,50.1680628511872,0.02471896916584737,6.234707292326532,public,bachelors,53.71803934009557
0.31212780638645765,0.8272736567606928,13,73.25885829601597,4.390326571565685,7.986113398328335,public,hs,66.58946495406711
2.427311038929169,0.8513835191515633,5,66.78399993899389,2.2113429969031424,4.327361024016844,private,masters,72.67379806361586
1.191078267055532,0.9581667102527353,12,89.74105449538939,1.5769542238315637,7.087427982449006,private,phd,81.62077739570859
0.5445182737147314,0.6679953805877651,7,65.03792115645075,5.706257772765517,8.072428224126984,private,hs,55.676331181423016
3.4819943159211038,0.6599262183501848,14,79.82019786116567,0.13422839235259953,5.815793216168743,private,masters,86.03887585556015
1.7921767969135356,0.6487608885341225,12,75.56352711927458,3.761786231983124,6.252249917511685,public,bachelors,74.8954530309558
4.031969267738156,0.6305756083672868,18,63.48499745621718,0.10719811444580807,5.51347985702816,public,bachelors,87.59530446438737
1.1970926638092798,0.8136924094414962,12,71.04254253916999,2.292015560530828,6.280958917993441,public,bachelors,69.40088109559765
5.652678663038987,0.6662924607809089,12,66.54469823534724,1.8753545155785294,7.289894674351704,private,bachelors,98.11150209248704
2.1906610094689714,0.922867172037396,10,60.69137224885606,0.4820519692371006,4.001890424410752,public,bachelors,69.83914133025512
0.6329716774213772,0.609044212218752,10,53.96551420591857,4.699138741297776,4.209634544576419,private,hs,52.257628540411616
3.7746489092382554,0.749842788693943,14,52.34545966157822,3.4311553949839038,6.61051714097257,public,hs,79.36374193716652
5.562927318407205,0.7892815885554275,8,60.02164050404608,0.4640180756968282,4.9952010340388675,public,hs,90.5073917218836
2.642262928294704,0.6866113202707298,8,53.74936783016734,5.863017378488793,5.11488803800083,public,hs,68.13305785532576
5.727542962144423,0.7423624878069162,9,56.778406034699145,0.664447673532687,6.191252126186333,public,bachelors,89.72110497730314
2.999374882125882,0.6891165742113808,13,55.62139484711771,2.9524705918986944,6.7704787222494565,private,hs,76.17118922644687
2.551371749094453,0.7127312425338903,13,66.7984496105646,0.18305758494096547,7.712116679033393,public,hs,79.15127410993315
3.721280712092267,0.9707484242914366,11,60.71782329540172,2.434922821226203,5.0002802961806365,private,masters,77.70604225058432
5.970579031411945,0.7668701465239305,16,50.198398984509936,2.9494547334289605,8.338207247372456,public,hs,98.55244095731169
5.693662049626592,0.754345976504288,7,51.48104529737014,5.137844690016338,8.238054084532456,private,bachelors,85.27561652644559
2.7602708358545764,0.8444697809736696,11,94.55241269097984,4.065273948849958,6.89404112210307,public,hs,91.84849048601566
4.546373071849748,0.8656567426994022,15,61.03150175953053,2.1136653404536454,4.654748459342324,public,masters,87.15594288754008
2.984536172925714,0.8641106179710738,5,51.83724206267883,1.1058066173308307,6.167323536109266,private,masters,69.22855471665554
3.1758729611806222,0.6339035868896056,7,78.1704405413651,0.27131355652549494,4.3277229075910455,public,hs,84.4826081344193
4.714714204282845,0.8327610316138757,7,74.82384713257301,1.971075042755557,8.833810462894633,public,bachelors,97.16339112967296
2.4879350961340245,0.8943694399591902,18,67.49831836475673,0.37695713428131783,4.765778071715535,public,bachelors,85.64991896003143
4.406901430732376,0.9182273464573798,6,82.999932515399,1.0554346992263,8.39153528830705,public,bachelors,93.65447714130603
4.266857267938499,0.8354137007757411,13,92.16423056998376,3.9044841240615944,6.6264916466032515,private,hs,95.30774277346539
5.592358119680269,0.6522292232938232,10,67.83598635776748,1.2093031120034017,5.58081996919501,private,bachelors,91.67727940435766
0.6895957996854312,0.6334961295587116,13,66.88966221119304,2.243510269462575,4.40079113550661,private,masters,61.50509419329807
4.374090702457856,0.7292214772423271,15,73.138250655076,0.042527473214516665,6.824591798783308,public,hs,97.95373657553856
5.564543571747359,0.9710235237863851,16,60.55142448760881,5.4760538444599955,5.9668440745195275,private,bachelors,95.56580869674009
5.807557139547878,0.789047011533393,13,57.828825987820416,5.045142719716144,4.592621277529013,public,masters,90.79869337808083
0.08823782979221573,0.9581895628590592,14,67.49064572519183,0.5677190444135363,4.405508864451641,public,phd,70.03041654110443
5.181840541473455,0.78386998131081,14,80.4658562339885,4.107411728840635,6.348950015542297,public,masters,98.52798036131684
5.887170240398065,0.9020472426240508,8,50.664650221375254,2.9507200836393643,4.679720681116031,private,phd,90.21790945308517
5.743261077665782,0.7940508702758562,11,56.22778614542649,4.931351176943646,5.335626887363368,public,phd,88.0790550394621
0.8925840733949875,0.8834809045729535,19,86.36486546167626,1.072455434405274,8.903577889274898,public,hs,87.99383370538702
5.8357728829377296,0.7268717106668718,6,64.94653812378947,1.080625812337433,7.53428827917651,private,bachelors,87.76439374480206
5.339613334323124,0.9559461054546815,7,75.16201614016397,5.724016246883945,7.616577134722446,private,hs,92.61934480654291
4.934242965258423,0.7062832274946332,9,52.497215846233466,1.2495809529045687,8.88223476324428,public,hs,79.2134579259371
2.879927542846993,0.6024707315137112,12,74.78480795150834,2.6099572721159525,4.923256598236316,public,hs,76.01560165457624
1.394237517835823,0.8884663144467368,12,51.24821420114917,1.0033480256475422,8.494617726175225,private,phd,65.42214158823492
4.811283472309848,0.8706417852978319,15,59.32662962951444,1.9499141448899784,4.409958910530682,public,bachelors,97.1017427819707
5.541180958700817,0.8627605799702709,12,70.15535593425267,1.9826786199527502,7.389423315654012,public,bachelors,95.18313770974731
1.5967816337537555,0.8749660009253306,8,73.57155356761231,3.646238911717033,5.381027544343153,private,hs,75.72206484800816
3.2336064457331215,0.8345056844073933,8,55.638877527337435,3.1747783239624905,8.204190617471058,public,bachelors,75.71798256047445
2.656516973847189,0.6461115812314058,14,70.65665140517802,5.740660962772643,8.523043936257,private,masters,78.94807449668639
5.5861038958869305,0.8676814889520206,17,85.12175756894693,4.846987965932231,6.626254660525458,private,bachelors,100.0
0.2430642671306078,0.6026394095122819,19,81.76043369895336,4.4606913686499965,5.954649953418015,private,hs,74.05310267066328
4.392037173939364,0.6731371515818803,11,66.60858398869013,1.7802888544408408,5.784495054789204,public,bachelors,91.22220449526267
3.68623948169398,0.7683513620781393,16,72.32651065819341,1.8172373734073686,8.702869903975149,public,hs,94.40769344989207
0.17019219068112634,0.7513477521634618,17,85.95512566656939,2.7450264804926747,8.295712847909195,private,hs,76.81855155525182
4.315318636960442,0.6475860649658071,14,61.84292281594029,1.7601974629952857,8.363631805402854,public,masters,87.3452377694565
0.09595037714143184,0.7707830416159549,8,56.309921527282526,1.114703635848205,7.378350297743376,private,masters,57.531187467619176
4.547706014138568,0.849446897449337,6,93.60532500579197,1.180082525967904,4.093281133775462,private,hs,95.05014780479627
3.0765523395724683,0.7509853726129736,19,89.28533067848213,2.274587089135653,6.1726469984561,public,bachelors,95.08313062026572
5.574625324782037,0.8833997933146835,14,89.33845313580758,2.017236295784161,8.607833404757105,public,bachelors,100.0
0.3964949803444484,0.6923688381513108,6,71.47275176711734,5.646600765031195,4.454701815419104,private,masters,54.069327386126574
5.0479036776743,0.6575301089083694,11,51.590843968480726,3.6301578526729843,5.814707886632343,public,bachelors,84.45225827224549
0.40014005260260843,0.8995599377953946,16,83.43335787229124,5.218943288884011,8.538570130131646,public,masters,81.674374209249
2.065859872824751,0.8674912519048219,12,85.55710363172996,0.5917131037324312,5.406362073394519,public,phd,86.74077680527726
2.581792391687,0.771748277317905,5,93.43088548753774,0.2347922053776752,7.898475006740471,public,masters,81.7537276288342
5.796372484704421,0.6547069139270852,9,51.610125171297106,5.002385760384465,5.454755463690142,private,hs,82.40730729084002
3.3733910533707423,0.8654734957315908,8,86.5765246233656,2.6239521313090375,6.107932735565727,public,hs,89.98966144725041
1.5531875590255935,0.8999822999704856,11,65.15591547676306,3.3040158921797746,4.896719490697161,public,phd,67.21536562653347
1.4500542845660698,0.6655770612831303,18,79.99653711927283,1.6362902839581939,8.406976874436085,public,phd,87.18206308494484
5.3287099239550795,0.8757206947720737,10,90.52521332252766,2.599289892289013,8.667910649975507,public,phd,100.0
1.3552165705039463,0.7422548345527143,10,61.32281471059993,0.7961947920189945,7.208816340602453,public,hs,67.17744104564406
0.747328235011701,0.9660474459558732,18,94.70426988117062,5.949786020392174,8.441374388741645,public,hs,85.58330680375722
1.7299845420454656,0.9006158750433565,18,51.703191113579315,3.2979044344828674,5.847952982367267,private,bachelors,82.62767199110252
3.516738388876397,0.7094924680933585,5,55.162201357822234,0.592908741661027,8.984195779718416,public,bachelors,72.56307402885234
3.324543013039607,0.9752105278551216,18,71.63049835035842,5.109463939012604,8.17798999594539,public,hs,89.51205301740538
4.858264655476667,0.6100931024418538,8,82.35278674444253,2.5804776547053967,7.624603954771335,private,hs,89.7789002870794
3.362855712037115,0.6739296057913593,17,91.69222695355784,3.811183707371764,4.341975737991522,public,phd,95.05742195485207
1.730527286587263,0.696761188458854,7,88.1272151397535,0.9435087914210811,8.505395498327402,public,phd,81.67249507115525
2.477378056085356,0.8928320333479537,10,93.67310037159342,2.373531132482667,8.16814849619606,private,hs,84.85950796445005
4.908725825825463,0.8104672122006487,11,69.86113877411091,2.9879217630640555,5.71630513539856,private,hs,89.96401848151255
3.7590387745185208,0.7857501631576265,17,68.28419264055597,2.9835155795410593,6.397712698052315,public,masters,88.8083230550201
5.754465856184654,0.6890133355088734,19,76.52525415325053,4.918536566938598,4.3814742045252615,private,hs,100.0
2.216426466550085,0.9025868441438445,11,81.13770396551325,2.974736636353195,5.495075840892515,public,hs,85.1633353068171
3.3156690631277232,0.6468425632206372,13,90.62965198285164,1.8149987021551317,5.97972299593389,public,phd,93.04334975530278
3.5635452096790097,0.6989364881619423,6,76.64105415958359,1.606530751418757,5.89284098694024,public,masters,84.432215028307
5.08974724965036,0.9225441278299904,5,90.76855773119385,1.8462111392092169,7.856174089426098,public,hs,96.69595837658069
0.8728412291191905,0.7804189857864368,17,68.70552646312454,2.834005540554842,8.473354028924657,public,bachelors,70.10463713255419
2.43906202048876,0.9507270946398436,19,84.71112957715394,1.585768591031392,6.103462778353363,private,bachelors,93.40949921684131
5.459753769973782,0.8406656416929024,17,94.91303555298552,0.185678938743566,4.816417146608201,public,hs,100.0
0.25840133140922505,0.9158178587833528,8,53.54463671276824,1.195416829975999,8.529612784220163,private,bachelors,58.659141273108084
4.936237681089011,0.6749613091716484,7,81.82598166247124,3.4689345235836755,4.71800445757951,public,hs,92.23519822957854
2.4923042242273477,0.7264887470705867,13,90.64219364971544,1.6232009453840661,7.041282158937406,private,masters,80.77036328202628
4.978823911668616,0.750682420720273,17,90.25209069560634,1.9909764774428125,6.588498906551109,private,masters,100.0
0.05972736484375174,0.7976796823528138,18,89.27413657278854,1.5514665177386662,5.999537059474017,public,bachelors,84.2172934076323
2.190276946549624,0.7889868097910122,12,62.54362205067324,0.580640343671349,4.726158216881178,public,hs,70.21447430843378
0.47178022299383926,0.9289864630329887,11,68.28354071737766,1.0823594706951858,7.05837284861796,private,bachelors,68.70668276355936
3.9156874580198306,0.669276212764817,16,72.86435132789407,1.5268843577345768,8.623343952846898,public,bachelors,88.23562011099281
1.6430945915973432,0.9405943658518608,18,93.63527656618822,5.036099937945716,5.207681366738578,public,phd,85.37780385412955
4.215912423958718,0.9556185176573638,9,61.95031568150812,1.3273543157433,8.73586965644068,private,phd,87.05847230306401
5.662808561652545,0.630207614224439,13,79.72232453786903,4.9703869132798895,6.6159581685525275,private,bachelors,100.0
0.7609026135674866,0.6037561478484729,8,84.19006136551961,4.459797649257965,7.555273666621321,public,hs,70.33454963611594
5.188669772404644,0.7171011891278141,17,56.6009704359305,5.845767111708036,6.585615027386993,private,hs,90.48658545053068
0.3567849096020308,0.7602979071046257,17,89.16547084345035,4.521540865369113,4.8196227037262345,private,hs,78.08436697541003
2.2846230498653366,0.9881797626994029,9,72.7353060273211,0.6906783244137467,4.408607164757021,public,bachelors,69.97958429945785
2.57864436707146,0.6285634388213931,14,93.03331444199452,5.640256518897402,4.170759157391564,public,masters,82.63019434135481
2.9330972810007854,0.9125221060913206,8,90.03610207833779,5.05256772609936,4.230733532518895,private,hs,82.62143962442983
5.858773931616267,0.7901699814350915,7,92.6347537339194,2.6617716100134112,6.241887004982583,private,masters,100.0
4.65414712861097,0.6519494099092539,5,58.22680752783313,2.601533659400096,5.74073915730653,public,hs,74.43281904684308
1.853144176315566,0.7464321234682634,10,87.55920801376537,0.18572570101156116,7.581636771002037,public,bachelors,78.32590862594317
1.6190207130048009,0.7523605628323643,10,88.82687066522742,1.3058492292007187,6.008911706947813,public,phd,75.72124447757612
5.178721225135907,0.6974290001208583,17,92.62752410061688,4.289316692314067,6.440485894051349,private,hs,100.0
5.287843036426139,0.7177455030095519,15,79.22961685979803,0.6631607964400259,4.675609959912304,public,masters,100.0
3.0642390332618716,0.76796753248103,12,66.58394282709048,5.9504693576876075,7.595862661375131,private,bachelors,76.47676821142866
2.0657743857739517,0.9849045579659017,8,76.4101438991013,0.13009484234350577,5.528513966025198,public,masters,81.20267861382402
5.969504088965507,0.7835442275926332,10,57.10469430762083,5.945840764459957,7.818000880234759,public,masters,89.14148480240215
1.8956612722062012,0.980054004844927,6,94.82837790108883,1.7772454341650403,7.419487485064501,public,hs,80.41174550111636
1.0962742735593747,0.6122128286334222,10,82.49989951971475,2.7651912841852555,7.215794407056962,private,hs,68.07396058727933
5.280588727824418,0.6264441034292878,11,65.28005193149313,3.2728287138708483,4.069749133172888,private,phd,81.32658513499567
4.8740123886675235,0.6111263624789077,17,91.34936223054655,1.7373191165769852,8.082372047159403,public,phd,100.0
4.007336433428107,0.8663778553049417,18,82.0575893647875,1.3229854217444235,7.093681123724513,private,hs,100.0
5.7504817906677115,0.6880930764455181,11,64.9906044781968,0.30341517136133644,7.032817495608091,public,hs,96.58867807463785
5.554287463286513,0.8305680725172194,9,91.82230274562397,4.940598026588427,8.178711521023725,public,masters,100.0
4.489491019810524,0.9181464542421698,19,64.59538430528174,5.833856226265575,5.051111793723831,public,masters,92.35032123826286
5.164208457286066,0.7327255674634015,18,64.39824605526289,0.7533448554657061,6.967769026650489,private,bachelors,94.74730781399282
1.482880441932645,0.6982709970836347,9,51.33761131501453,5.158985031300453,8.869621368973881,public,masters,64.57712014364188
0.8474793414061896,0.89016343485623,17,81.54086417899836,4.323236682704023,8.148926476022602,public,phd,83.36739392918436
4.020371095889615,0.7903591173198281,16,54.86007096275826,4.501352047059813,8.599425632366156,private,masters,82.26756750889452
4.287711219928516,0.6596840584197202,10,52.190251098744184,2.326832762413521,6.617976197365327,public,bachelors,77.76822861522517
1.002317572693633,0.6349780469878754,9,79.5230490327101,0.3454494601071545,4.3799424058003575,public,masters,66.7918081820234
2.373343638629256,0.8948670004557682,6,93.57598431007986,4.142538741646979,7.312853592814195,public,hs,83.05927339449306
5.461534597296328,0.9441649339515699,16,52.887933071926014,5.77275857158911,8.140851165843554,private,hs,92.52845589683228
3.368404605301338,0.9561448313134051,11,84.19310452139831,3.952549480136639,5.432455535348215,public,hs,91.09418983591831
3.4700154895576363,0.8040356029938814,5,60.28972214209888,1.4043138814868719,6.302315703842994,public,masters,76.97428926638487
1.1647786373447615,0.6613818265458589,7,88.75548719626018,3.220411584595902,5.417277492953432,public,hs,75.4929859389992
3.156133491707251,0.6902629649113912,6,50.54649285741918,0.730050858306184,4.900203870247342,public,bachelors,66.13825370118634
3.1406083643695197,0.781409555608374,17,58.73671629956813,4.307271276897539,8.263789585418369,public,bachelors,84.06929764661484
0.5336138414776319,0.9407429494422455,8,93.88153719710088,4.0371851633328815,7.392637096044547,private,hs,76.4598187985059
5.891656158760237,0.8600789675341074,14,75.89257136751604,2.680763996217582,6.686166947305506,private,bachelors,100.0
3.4283736027346468,0.7096827827813297,18,55.927360334704346,0.051986962216616694,8.142714529763325,private,hs,90.48535835683188
0.038453295985861,0.9023754566228718,11,50.2123710722002,0.36219643136083657,5.229837267212375,public,hs,58.504813392491066
4.635895207352331,0.7741760701282441,9,68.40644964900955,4.091866118215223,7.3707966118052095,public,bachelors,86.63271302599516
5.8695942830408745,0.9931055780776661,8,69.54918986497951,4.154480059967842,8.748577655033326,public,masters,100.0
3.539220169925703,0.7714908549939221,12,73.97615284014118,3.4512559612920777,8.038674393946613,public,bachelors,83.34722590724436
1.91808981769599,0.9348785395614185,17,80.63590605665048,1.366147336725736,7.507090863249863,public,hs,91.03096294877746
1.1250462943667094,0.6058166525444078,6,56.92888121755907,3.9787895230617787,8.2890028590439,public,bachelors,53.36723079092179
4.035159803501216,0.8872885060372673,17,64.3263220926804,0.6330312093612016,5.6854857042285385,public,bachelors,94.38251224025416
1.1706443907408302,0.7593913771139649,13,52.38435746836856,3.766083449263574,5.796900132305017,public,bachelors,64.70525996882422
3.4661273551071554,0.7996037231959339,18,94.8426739442296,3.433907447725489,4.048353838117809,public,phd,100.0
3.6134350582777546,0.6795303201462315,6,69.07326401165284,2.1329618201701086,7.470067176268772,private,bachelors,81.89011951281158
5.774538558746286,0.9718046054907956,19,80.53182999743233,1.314996249694714,8.311037359558611,public,hs,100.0
0.43359159317926066,0.679858005352475,7,62.83684463227225,4.347496219968372,6.10075498913315,private,hs,50.76859455767949
2.999836941951711,0.8246346816300574,10,56.39980446455275,1.0859517300768398,8.420844035988578,public,hs,76.90781833939461
4.4645848756958895,0.8389382494307213,17,58.70905493302656,0.9441279484036906,8.124059439664013,public,bachelors,94.13893660845422
1.0633604428479528,0.9433773709198047,13,50.683565453270454,3.7965847143943816,7.835836591948876,public,masters,64.44863276865712
2.3284003907071154,0.7866666158742439,8,80.97253705091892,3.9637471852227035,5.8175998723802005,public,bachelors,83.38225815225441
0.377372990729828,0.9319565124643795,18,94.5360293749428,0.6118145894197642,7.9399215110621855,public,bachelors,85.92475070081319
4.355285182654661,0.8095586256907619,5,54.12204216936988,1.5737298422136514,7.068969762213317,public,masters,73.3652612990998
0.5266073205569206,0.9825338637690475,12,57.43579957133895,0.5915762045115225,8.76538911909989,public,hs,64.64155160526612
2.3705502501478053,0.8866431334929075,14,86.07635716464543,5.482988774289563,4.716585108481602,private,phd,85.34780425123834
5.241135786724393,0.9648421043936061,19,78.63750334569004,0.05031909062828133,7.9784922444933,public,bachelors,100.0
2.8338020205000687,0.9769442129234618,7,92.6509915040944,2.106069466321422,6.194832648508124,private,masters,90.69419559105884
5.475731601845314,0.9208984625272235,7,66.4120429494869,0.9409260445879286,5.267735016230349,public,masters,94.79083203526915
4.595502706433234,0.6489470186382027,5,69.26280632281549,2.801969262095194,4.156520726886804,private,masters,82.61580950088636
5.491943760670595,0.6497714392937397,6,62.88811363485592,5.441024144335793,8.644576191965786,public,hs,86.41353125177343
0.764418054293438,0.8464967001188205,17,86.19751369273422,4.244258257899679,4.210213701749597,public,hs,79.9332298548175
0.4413774319837922,0.7084826731047864,12,58.438234169250435,2.161042527676214,8.31492680974872,private,bachelors,60.72920445488765
0.4219575214153084,0.754060929690509,10,67.09103991245863,1.1199221726171409,5.907555836827826,private,hs,67.43297826454179
5.213125766083916,0.669531270649451,8,79.67291168580549,4.230072802678855,8.476238423138703,public,bachelors,95.4355937195559
3.8044198760846593,0.9048686652241551,17,91.10228621405611,3.2514952379258393,5.568431137660298,public,phd,97.93585818145039
2.9794301627931183,0.9417990814582189,12,86.57733273135136,4.32173981788858,7.323441881048367,private,bachelors,90.18303655349233
0.9812604971788816,0.6531218508257153,16,53.82331771428057,0.2691317164963949,5.825051307300982,public,hs,69.04037767364197
4.0424006263636425,0.8067339747056139,12,88.88357725163127,1.0388437449618404,5.675369598531744,public,hs,100.0
1.9081043270747882,0.7580051719990348,8,85.60965495678927,1.919239810079656,7.233617302684056,public,phd,78.58195576817054
4.2652791795956695,0.91600612719232,7,71.1830465361704,2.799220180755526,7.877672455848213,public,hs,89.10327104853323
2.7621319732039487,0.7859969200701908,6,74.91994664963423,3.416676121962583,4.706334219681378,public,masters,68.10871085462546
3.044819163267163,0.8923236196592691,5,69.94459569482035,3.372563968472171,4.422201408735942,public,phd,73.39370688843707
4.737994394759222,0.8264415506317627,7,52.495804774207485,3.257493971576581,5.187825725519674,public,hs,78.83797891945024
0.5564728531402845,0.9912992456078191,14,64.41268655794038,3.396698046368657,4.731208249609096,public,masters,64.57289572501017
3.4725510199410152,0.7678532303791789,12,91.08880363318028,2.5048537387664447,5.215009042196607,private,masters,91.3879636538514
1.1834096837752113,0.9950683478640291,15,76.93872296279623,1.6728770928062437,8.61694623140491,public,phd,79.99087725426263
4.848820510881409,0.7661754333172539,10,54.418185147936946,3.1087772452877314,8.532161031365444,public,masters,80.65198575433392
2.9330762167755595,0.6730674605563235,9,74.81484078076726,0.7311630796518573,7.089604174173697,private,masters,81.27338390512047
5.9321720002069185,0.912832424174964,17,77.82940120977382,4.495628218613937,8.532108758214955,private,masters,100.0
1.0976599480543123,0.7086876009412635,17,86.5057383444942,5.717614342926064,5.463271327186974,public,masters,75.80773585928765
5.778114840745603,0.8263018923340224,12,76.17135930435435,0.32457892470025684,4.470871062575209,public,hs,100.0
4.805502219651654,0.8584060319565306,18,59.06047084032167,4.693962846667372,5.828632352940193,public,hs,90.55617544836035
2.8875629794516113,0.6798709032612039,13,93.64677973075194,1.34299734700784,8.398018668571833,public,masters,95.30875312206803
4.881204385077813,0.6137627742712098,15,63.331920014893754,2.0184681296062204,4.141099254913649,private,masters,90.69647801715679
3.617093431446698,0.994813337423983,10,82.64137699806037,0.20122905349289066,8.374881217255304,public,phd,91.21135011588218
3.9307263839482816,0.9269560572311626,5,80.9476451080861,5.814514781514774,6.2885352485664985,private,masters,79.00460929049737
5.482144576244334,0.6494821019837907,16,91.5474536712492,3.3725736323556963,7.722229406354691,public,bachelors,100.0
0.3916224984677483,0.9391877720492634,12,84.42620791766542,0.4894885934650628,6.635693235597243,public,bachelors,72.93799246397666
5.009929223750404,0.7032520807006436,15,67.44672323585371,1.9293338073039943,4.451355757275485,public,hs,89.72767730085724
2.290888679797433,0.6989138961553304,10,52.16078405380567,5.8636863973143765,7.668845393592008,public,bachelors,60.42299377416617
1.9532736966042266,0.909046540153265,15,79.5352013076468,0.3602475453742393,4.637976088000435,private,phd,82.64466957527381
5.964160627259906,0.9029448049428488,19,50.53484030131333,5.5074366328137945,8.725135952914458,public,hs,97.07231355478773
4.687143012458269,0.9383829375728163,16,52.358130998554415,1.6770626939982654,6.558385826573727,public,phd,91.56409403825378
2.9132108326775263,0.6546608031546635,17,51.04225578979177,0.4673226065941998,7.226637296728569,public,hs,74.20256858672359
2.5357703785486874,0.8990344700900342,10,75.79087171551544,3.747874843289896,4.072512214512499,private,masters,76.46718840633392
5.265173435230777,0.7879295497092824,13,85.43491301569799,5.37741882155161,4.686181660675963,public,hs,96.75682677452133
0.5208892332893649,0.7303533632509542,6,53.161342662455,2.198494225849653,8.087030509170546,public,hs,51.367158101174965
4.250512541483197,0.893721151019563,18,64.36834210670554,2.0797253916328957,4.2907628949063366,public,hs,97.04355247267462
4.734927742230876,0.9380572323832805,17,67.06307772319879,1.5742171342321223,4.209891842633195,public,bachelors,97.96589914490411
4.795178278296689,0.7289843030252691,12,90.474412214315,1.8674831309830642,4.433016906947023,public,masters,100.0
1.9337203484389907,0.6619246226641847,10,79.08512356063301,0.4051904088990559,4.871667107032499,public,hs,77.65203138423897
4.779835096476328,0.9966738873335552,13,68.21379491277705,3.0316264697447286,7.753048505198482,public,masters,96.47871417059581
1.3519706512539909,0.9676759956951593,15,91.49039414407548,2.0494084840647204,7.325748675387667,private,bachelors,90.01423434274395
2.1738477029074144,0.715936459926415,19,80.92090436370549,0.9968537925301217,7.953889947137423,public,hs,91.84432960432524
2.504688673226279,0.925765723199866,19,80.25109109879872,4.334221373615752,7.809075779844253,public,masters,85.59180905861305
3.248459901780987,0.6358772888865546,9,82.04419746367785,5.359422831684738,4.323818375922972,public,masters,76.30903002844234
0.6756819932433431,0.9650183629814619,15,74.38225495050125,4.842926427184064,5.236165805124915,public,bachelors,71.34876460572596
2.441686803835837,0.9098608941060016,19,71.0374339566934,0.8132792286751089,8.64353375468896,public,bachelors,90.24051022549268
0.001804140641537444,0.6787452459042106,18,93.7621230473601,5.481240435655776,6.677235022748895,private,bachelors,75.49455231419937
4.466284358084394,0.7182748987990797,14,75.73221567901615,2.4528483737071656,7.519936794687287,public,bachelors,89.0322232030289
5.111255473405542,0.8382219419363998,5,68.2788932325357,5.487522683821419,8.885167298663065,public,bachelors,86.73754773868625
0.8335900747211853,0.7423030656925572,5,54.21092137397241,0.5018198166888879,8.634520201465701,public,bachelors,58.07879623429545
4.222714615600787,0.8944935263789817,14,58.65167060602837,5.902739539197421,8.634192385797316,public,bachelors,83.11150724976558
4.926618530367833,0.8369451477375974,6,94.24803131861592,0.5804370491057687,6.0518465892615225,public,masters,94.86956543758697
5.8909699372307625,0.6828114610271958,6,93.27670596848012,4.4725488480500095,6.678595622842257,private,bachelors,100.0
5.06274337421236,0.8440438039535902,19,50.13392616054515,4.286477873703123,4.3359297550362115,public,bachelors,89.50135803521269
2.544638912664077,0.6056236340595648,18,53.50078196438379,4.543005216249979,4.238619376007049,public,masters,74.78701597868009
5.878132251057939,0.6446991261212177,9,80.55007090857842,1.4679843267680572,6.672530306045559,public,hs,100.0
5.843906429114131,0.6644831268426606,19,59.810747732735024,4.48757791031511,5.150197840783702,private,hs,98.06855050922357
3.022061875203474,0.7414710848077656,13,79.86438583650418,3.077407158455763,5.761728200696959,public,bachelors,80.31671004314583
4.520679231503431,0.6047638953364071,5,59.441989912511154,0.2822966469898587,5.246983064998165,public,hs,74.69768333194601
5.483026006038977,0.9719630094654713,14,67.85791931837284,0.5851745769772685,6.334288219867204,private,masters,95.83037968205286
2.8568824318125183,0.6958035821889046,6,64.66487877258858,1.6814238419849736,8.63656938379779,public,bachelors,70.88928554371125
5.18271744658251,0.7082554201780227,10,61.09176420893796,5.084693680051088,5.151574032420072,public,hs,81.9953244222688
4.2094113963712365,0.7502569302821016,17,84.88014905383218,2.553496595449503,4.407743093116378,private,hs,100.0
1.7635455358473457,0.9762954862913767,19,63.67162222461278,1.64426346807947,8.766307076245848,private,hs,84.696900290078
4.605913619900841,0.7407277316592152,15,91.15948185464893,3.209409117159102,7.185626366866885,private,bachelors,100.0
3.4241087151569944,0.7724531424818389,9,58.4924363870211,1.9813138038054277,5.8515183369875166,public,hs,72.20837750451403
0.5630709205998374,0.7194029090009794,19,90.2721248976213,1.8484587275757693,6.514545212838497,public,phd,86.47377231202164
2.348282557827985,0.9904980140207175,5,56.90698488035395,1.18921226644911,4.484458703352641,public,phd,65.37011769862482
0.4424460803868355,0.7459428899469002,16,63.31750369591512,2.107780016624276,5.555453099411215,public,hs,60.21583768439754
2.8570017793019735,0.6334149683958527,15,94.26663237228871,0.9941612407469413,4.193149655465923,public,hs,88.39468675039859
2.571237648857543,0.8631929576956306,13,52.129307317527164,3.444625224736889,4.750414239662829,private,bachelors,67.52426284402372
2.542424657822684,0.8866419682861906,8,87.72325206151734,2.261029683805943,6.371667664866972,public,hs,85.47067442294872
3.5178021215447064,0.7488964096780075,13,57.365752767558476,0.23654856042451744,4.412513828788258,private,hs,77.22364956686124
0.7361439610564406,0.684554062179955,8,73.3593086055746,1.2967229568808374,5.61715970208879,public,hs,65.33700029131029
5.602613459741056,0.7637005804734313,5,93.11899909657046,2.8704763616105704,6.96089811396767,public,bachelors,100.0
4.104302688450198,0.7756272842049455,15,55.35184530562988,1.6681684555742513,8.310857327217878,private,masters,83.4619936797399
4.94268815035663,0.9981199213551444,16,66.96065803100119,5.294005589918612,5.142662145084955,public,phd,95.39453365288803
5.380807393582559,0.9433741302216749,8,72.86809839708702,0.3494292887247896,5.814217697909714,private,hs,100.0
3.499920281540856,0.8483635593679806,10,79.350463113311,3.8875595789408943,5.386332684698527,public,bachelors,84.24437905202637
0.2413093254276042,0.6775671791473019,18,65.1307145878844,5.165912951149336,5.431685904639963,public,bachelors,63.47695137720181
4.268920944706548,0.8751658085556135,6,61.19360453660436,5.52485493329364,8.800742479024807,public,bachelors,78.26452034503015
3.414155125580149,0.9035996009128254,18,90.85191389696429,2.905226004715354,6.165423141226508,public,phd,96.88805809700891
4.9557433330223954,0.6301554954777391,13,50.36306485617761,2.418620615445424,8.047126483417827,private,masters,82.03930192907225
3.192962840846065,0.7517946066808628,12,94.15504258506277,0.2139070759701669,4.74880707373212,public,bachelors,95.43662576614506
4.879464572185155,0.7307391190183236,10,56.718678761749146,2.7878764554778535,6.3069656327448635,public,bachelors,87.56894576374889
5.98206175843495,0.8281725290445867,13,60.39635750754024,3.899419347710171,6.337878506007036,private,masters,92.81773684607145
2.1033288682073286,0.8612212873473152,14,82.9234055842098,2.0293317688847465,7.111645169609554,private,bachelors,90.66005689539251
1.0261286401240446,0.6725551153553445,5,83.88775378376837,0.9704458051375147,7.363685409317133,private,bachelors,72.64913076994138
2.350048796723417,0.7878637744454857,5,73.08585996290344,2.823735723659399,5.961732227959164,public,bachelors,69.94764293042863
4.518299939194058,0.9968671546143578,17,50.96963725778105,0.9739118618888665,4.991431951623833,public,hs,86.20204374478172
2.635373591149839,0.6063410556909496,7,60.019714603747076,3.347606175185316,8.723696789454177,private,hs,64.53352144719602
3.5302806565752887,0.7483974447316147,19,59.359385542156495,2.7419763697372828,5.852150937278681,public,bachelors,85.27581696460432
0.7641508315300263,0.733724985542522,13,90.15427807877896,5.968843543057027,4.6247423937630385,public,bachelors,71.46446049655496
4.356741065603882,0.7622332080090197,9,70.64756239448498,0.977373014541332,6.7085676012067985,public,masters,92.56080698261943
1.6804944111989968,0.9476774862098726,14,84.5349373206925,3.8112754778501845,5.034486796469175,public,hs,77.74617574854668
1.1437053624241094,0.7753220153197895,10,90.78060325102533,1.196491821020617,8.003771572736577,public,hs,77.50519928382585
5.177699991499168,0.953231200598399,6,67.69179621780441,2.5108283285720874,7.453582925019795,public,masters,89.58091761901377
3.3864769267235646,0.8302159372120954,19,91.57479863596683,4.484626829718639,6.999657925315452,private,bachelors,100.0
2.9069936540775023,0.7698470779738533,14,80.61864940635995,2.9829605155313126,4.077311265827375,public,phd,84.18770963419533
5.3929425914909075,0.7009212350630983,19,77.2186970649537,2.1641951817849105,6.1127641971369115,public,hs,100.0
0.5160746163660157,0.9294455421286522,17,70.28065802766376,5.334799515939643,6.760812269612044,public,masters,71.20624432826509
4.176926702045357,0.8576802072013099,9,69.89501738168349,5.232777536635164,7.819128698931677,public,bachelors,83.22034548289236
1.9678937385876152,0.6848904279528637,9,64.57939764646507,2.295174297938565,5.704556490887935,private,bachelors,69.57950347194031
1.0524584999104865,0.6520281973820333,14,62.55065815765371,0.5679779765864938,8.678148175729286,private,bachelors,70.65327415418658
4.048791899803673,0.6501725314612612,12,71.83149399400008,2.0571982405924025,6.232225900221094,private,hs,83.63671842641838
2.1769317051776165,0.963628785139722,6,68.34472217325552,1.1197063294573708,4.430900422516928,public,masters,74.72968200617154
1.979374994963615,0.7613566150384233,18,61.80427292284644,4.4692334977379335,6.179998544806072,public,bachelors,76.51957705803898
5.662066591375127,0.9281231177443823,13,53.31767269167237,3.8313594564799085,8.205651587124379,private,bachelors,92.90846777712879
1.195790044076917,0.9581448371039107,15,93.79711805292723,3.0308604388999254,4.940472713059771,public,bachelors,87.04599854575349
3.07304194702641,0.6905332191177137,19,75.77291552726825,0.0982470192432261,5.6124515041011565,private,masters,94.6891900749039
0.1440792040280956,0.6130289399258444,8,65.1185157543786,5.7965535141433016,8.887681017325768,public,phd,51.61608591290874
0.980208546821737,0.672134434618273,19,87.8138516575429,0.080805239558281,4.367169391430713,public,bachelors,81.12638729127586
5.300512401801372,0.9091914822644425,19,71.91714583232032,3.1646971145719265,5.694449420534792,public,hs,100.0
4.735485289516058,0.6061652704484648,13,87.61310087067471,2.5898662471366936,6.196905384749918,public,bachelors,100.0
3.3410129403239415,0.8256528240071441,10,57.41449749040127,1.5713655730652158,6.406547451252157,public,phd,78.54148015280478
1.3347203759481616,0.6765067062352187,14,56.551880303045664,5.3399825490987665,6.7421419238633815,public,hs,64.58388525658636
3.3464854957278387,0.9066642729520937,17,60.586770276618765,2.058363002711443,7.425227888687796,public,hs,92.99258674147026
0.07287915668167533,0.7917502785717819,6,88.71023550054718,3.3906452013380095,5.954900650634901,public,masters,63.34965082583217
4.277961785627524,0.8196319756307069,11,84.40790587578577,0.7833756064901922,4.172428135132933,public,masters,97.12043044303707
4.300504083382369,0.7173633027601134,6,64.76183810341597,0.31463378953609444,5.693565012157022,private,hs,79.03427200815058
3.876270141398129,0.7826314014792549,16,92.00909405145117,5.041352467643918,4.106264255353468,public,masters,96.11199705517046
3.668032105651207,0.6182850411783193,13,88.71593928879727,0.7732152393060072,6.504474389812763,public,phd,95.14754469686086
0.4422985957472252,0.9238078588279681,18,67.46362381649979,0.8115212280881845,8.345671680701003,public,bachelors,72.87074945511915
1.4784358143058534,0.9629995693504536,12,76.99357545686183,3.9410364362305774,4.421014632534637,public,masters,73.1960769584734
3.4462682885875915,0.9010590078873466,18,94.31747618137803,1.2894101399563331,6.033762256261539,public,bachelors,100.0
2.3651205961733854,0.7982489089791406,16,81.78344747938428,4.685239810178945,8.565321766177343,public,bachelors,89.91117762432935
5.95213937148867,0.9375137397776108,17,58.8983256924322,0.4479471839393636,8.151518506193185,public,hs,99.09929907154996
5.542472144251088,0.6015283503196628,15,76.93835762816313,0.18709196174307197,7.691541975638986,public,hs,99.96735996317774
0.9120474151352223,0.8663829627952844,9,90.10629840705272,2.275676105937287,7.553126801235642,public,hs,78.44051091902344
3.539763555897184,0.9069543669262201,8,73.95473070386178,5.201762159105674,4.038584465649816,public,bachelors,73.69619974095251
4.177290636620739,0.730662494876908,18,71.03189740591745,0.8067835002444039,6.1787843950780665,public,hs,100.0
0.8192604858053167,0.9426286763775912,18,83.54272957460984,0.03173365845763554,8.447374178561882,public,hs,85.16289928178107
1.8755738826070276,0.6000760006429374,7,70.4319902577138,2.892513744232494,7.61106703724433,private,masters,72.93354160860056
4.295507081552966,0.8528480845754549,7,78.491460404039,2.6933207717633767,5.759697805611742,private,hs,84.84397808304935
5.40664856053702,0.7204095923922462,8,50.316206610414234,2.6278008597513614,6.802980850572194,public,hs,85.15470730575349
2.0504559012368118,0.851451169504061,5,84.32649415775754,1.379105326948579,7.095893134755433,public,hs,74.29619350914419
1.4336622701476835,0.7005434638201173,14,93.24631897437646,4.261690360225282,8.318242603511322,public,hs,82.01319668772818
4.9307520163812875,0.6839119480347795,18,88.03498233629222,5.109954608347831,6.743241832916775,private,hs,100.0
3.50989608135407,0.850464154722214,16,86.75201253345375,2.7234525503303697,8.271797367589079,public,hs,94.56845937999297
2.859530530234623,0.798773928246472,6,71.31144497369938,5.555451111328525,7.684119420679035,public,hs,67.91035528678921
1.536900128567354,0.6749122753236128,5,83.0911782473412,4.300138277440503,8.98356677129875,public,masters,60.12929181863474
0.43595009188992595,0.9544699719649204,18,72.01215965504439,0.46069840303612075,5.70602864869025,private,bachelors,76.0541797777656
0.10734852538185158,0.9529546647949438,9,55.10941015905292,5.642625890823578,6.578433646645619,private,masters,61.846440132807395
3.479821083384569,0.8198273620117937,17,51.5090880027125,2.357339125511017,7.155085392134147,private,masters,81.59315913099223
1.1466616407604489,0.8824384110148236,10,65.66881896123046,3.7695934429961473,4.074402453995621,public,hs,63.946001089442625
5.853197870560923,0.7805546940214144,16,87.64837059776043,1.0528482426122836,6.695806754794427,private,hs,100.0
0.6448633703168836,0.9205773457483472,17,71.15742523684924,3.1274277728138102,6.350317887482697,public,phd,71.80382283589461
2.7125327299626507,0.9335424985124098,18,54.996065853270615,1.3228566969947313,5.3935631008131475,public,bachelors,80.3719051467636
2.36795878242576,0.905663879713547,5,51.509988473732754,3.928815856325123,7.078080182870408,public,hs,60.006749536422404
1.3938688517131859,0.6972595357125807,9,73.7536300230679,1.8351651971353848,7.606441833904654,public,masters,66.87269774858454
4.49253435002361,0.6097953840791932,18,61.17841161054781,5.980937496504849,7.351112304757521,private,hs,90.69741649331252
3.862228572481862,0.8633012313165243,13,78.74231986228203,0.6533557346030001,8.531780494599595,private,bachelors,91.80774949518172
4.354546110311219,0.7645030777933712,10,63.307792418680116,3.384042687741151,6.325145141761613,public,masters,83.98006524672843
0.49685145537896824,0.9577043380455619,18,69.96171876698067,1.1014107143146554,7.56037413239695,public,hs,75.1218716009166
2.1164604941784306,0.9439390110186835,14,56.362570613005026,1.7726507605225246,4.8974650841194896,public,bachelors,71.82594128435322
3.1189984460053903,0.8135008375980952,5,68.2619694880816,5.1621674349147835,7.264409230404381,public,hs,73.65540040990972
2.560326862381446,0.750977660262205,19,75.58829273667897,3.00765549059553,4.660006599565428,public,masters,88.2656261093835
0.2437053712364714,0.8851958163701421,17,73.87120682877297,0.5340700193935477,7.979897169940488,public,masters,71.18383661391418
1.1641647294047592,0.8837478782049616,5,54.5977861707606,4.371672849855528,8.059878170282458,public,hs,58.65955030973708
5.670147889827759,0.8729131572552058,19,88.7018237399943,2.66459338490668,4.696357528412853,private,hs,100.0
0.9754183485199093,0.9369696217361343,13,82.12453715515049,0.4961139013320741,8.624724948684367,public,hs,78.75362613125691
5.112313994776652,0.8309274340979307,19,56.69740892699636,2.9073420929431544,6.445685901626511,private,bachelors,95.47441888474638
4.932822954386641,0.8064173919360821,8,54.96136930113533,2.6731672773938255,8.566159863453525,private,bachelors,83.83714568025965
2.347762542468648,0.8067632534429606,6,57.8013892811636,3.502725965914286,8.325246994573689,public,hs,67.2797609133819
2.8007011190655806,0.9555922632077386,15,68.4609436830749,2.606267347736048,5.767018254858382,public,masters,80.93711996306008
4.944010845899515,0.7467004533710513,6,61.01742281843614,3.605410095563588,7.64492036201276,public,hs,80.66212538675993
4.084117953421275,0.9367663439241619,17,60.28929807172747,4.223038707777498,8.407634897505849,public,hs,91.73794280222042
5.021662418574426,0.8019558255032717,9,78.2441668595944,5.936773470296114,8.994710712962116,public,masters,89.92884605722998
4.545579514992743,0.6341355803077307,8,55.37341087529645,3.3457500650360616,5.266929281930925,private,hs,76.63212156349198
4.147628876643628,0.7795927949250385,14,59.58545695110694,2.6437044349860193,7.944923786713501,public,phd,86.05321192558084
5.477844636041269,0.7164785590583492,17,91.15022286067152,4.2722786723876265,5.935152633603363,private,bachelors,100.0
4.9368427985675325,0.8111540178655361,17,55.29641160950273,5.483154100349742,4.340236071475734,public,bachelors,89.08983948343841
1.0743761254979596,0.9413239421341578,7,60.02480281781395,0.1380491179103398,5.40397827982404,public,hs,68.09066770942455
4.489345650487469,0.6717822108881829,16,90.88228744696228,0.21636264612933287,4.796091844285171,public,bachelors,99.21154405770999
0.5200879386872568,0.7900898497168094,12,85.14785119753174,5.863939936076262,7.610801551250739,public,hs,68.29862819921924
2.5551374417641295,0.8330009006940764,14,70.17208569752066,3.2760513338770254,6.726507642872363,public,hs,80.15589984012631
2.3805113229205515,0.9079281246003277,6,93.62963160035662,0.31065995640810407,4.759930924355979,public,hs,79.86363408900861
1.2130085638529078,0.9763907850005499,12,64.71177077328616,3.9622378172974377,7.023349852874952,public,hs,68.34494825105871
5.627430651815936,0.8202431524940307,9,76.71671404033964,0.5791660389159698,4.8041550344249995,private,bachelors,93.24315676443283
0.5686600701670019,0.9686472075449516,8,59.151530099610945,0.6368628151040154,6.860316682106743,public,masters,56.923209148173626
0.029396489931453607,0.7346235849382162,10,70.6653042298282,2.416398921222802,5.719552929516848,public,masters,61.393201505656634
1.93752482198387,0.905727908527064,6,61.03866278427013,3.982215332334409,7.79275513609056,public,hs,68.84950016478346
5.944468309447332,0.9054901833270937,15,82.43428230715864,4.920723183565229,6.46788329728833,public,masters,100.0
1.5881707703306394,0.820511592308511,15,58.28910489986082,5.123216822450578,8.11949182297035,public,masters,69.63062983858644
4.984165593106386,0.6695154874909964,9,89.87004012600592,2.320674975473402,5.759213917987299,private,masters,98.78550595289212
1.0386818221227927,0.75448171826411,14,90.36228388954672,5.88109136746713,6.0247797777454855,public,bachelors,75.11756760234394
3.5182701287902667,0.7163400472956907,12,84.58521782477786,0.8367926446287044,5.365207296332402,public,bachelors,87.49817000652934
5.750456011076352,0.9867514477060338,14,89.86691650511557,4.024281931831798,7.46846666851525,private,hs,100.0
4.299079407394842,0.8578489843901843,14,63.60726777449578,1.3897737181467231,8.638727644711901,public,masters,90.55876679840476
5.883047851070918,0.9636151347047966,15,52.33054480429427,4.2493944908906,4.352774624619397,private,bachelors,96.43686892792826
3.447339894534238,0.7184639078537549,16,90.87413866487307,2.8160398542876224,6.919582665702967,public,bachelors,95.89511090288391
5.900008239320528,0.7715760234343154,14,75.95917461613733,0.18175894491967126,6.66995398842594,private,bachelors,100.0
5.022282190320023,0.8269489302794252,9,51.97754436305889,0.26794755152284044,8.210722047156633,private,bachelors,82.91697114577711
4.669489356611569,0.7418912733561237,18,84.91722570201203,1.7754164518246909,6.384005216730919,private,bachelors,99.77583566179872
5.3309393214690015,0.7825998508615795,5,64.46817719472402,0.5844975093049687,7.154030800152951,public,hs,85.64310803809265
3.7889491035697,0.8397228228804524,14,92.84033280064364,4.128453810877141,5.49026423524238,public,hs,98.6306225362581
2.1381872782594287,0.6113143897402309,8,94.30767394923436,2.76451958328921,7.083987901484657,public,hs,78.71464430532015
3.169694640341958,0.7359244619588698,7,77.11884348956117,3.864095726301425,8.103354475138854,public,masters,83.13297794447057
1.3590023740941815,0.6000886798841193,13,90.85271425281178,3.9996070484130968,4.59356907733539,private,hs,77.23033396949586
4.665264743290232,0.7930150488006692,13,66.06694199200285,0.2849811371844251,7.358385916426857,public,bachelors,92.23145842330617
1.020471009689199,0.8432002660321761,18,62.359407026577486,2.4875093758064253,4.586414390135255,public,hs,69.4489668247757
3.4631876939195445,0.637196184026267,14,82.85774105076813,4.0972990577932045,7.903972414077458,public,hs,82.26001083210849
3.215393577474686,0.6968377608579187,14,75.14846188257664,5.418693502950788,6.609117463561681,public,bachelors,86.0287200682015
4.031416820866143,0.9215967284236055,12,51.11137475893512,5.6759921238090065,7.039366824960199,public,hs,83.34932581829219
4.5629195919915,0.9361126239398391,14,65.69280416255498,2.296241540206571,5.993830349782909,public,hs,92.15594697879312
0.6589673163834535,0.7550933017081458,13,50.388629412438554,3.4580815976636208,6.4075966223077465,public,bachelors,64.11932464496964
3.749645770007901,0.9256894922164907,5,63.907298743412554,5.60411311708792,4.886942470441589,private,bachelors,74.71273433099442
2.4837352947911566,0.7108561012128571,14,71.04603099690537,0.2710684451061276,8.09868738755813,public,hs,81.74440822205808
3.6852086140077223,0.8824432889253926,12,66.2878246763568,5.857128743523547,5.232917451021268,public,hs,85.21518853367066
4.163907258878972,0.8181826494628458,18,73.58645497207482,2.7287356830213776,7.01201360802022,private,hs,96.05108975470277
3.512877514563731,0.7760396315610649,9,51.32639474101231,5.096089774595918,7.4263006478948075,public,bachelors,70.52187469936426
4.3973164611522915,0.8625769104695107,13,92.70118094075158,1.0069865130043254,5.478938057072243,public,bachelors,100.0
3.120151543227888,0.605356271638876,10,59.49995534242177,5.61506043779106,4.602840836256353,public,bachelors,64.25506714956954
2.7772068547756303,0.6649773770833421,14,53.78555589358847,4.646737173529964,4.79476200009084,public,bachelors,70.59778161297533
1.7206131926912112,0.7175293857551825,19,77.27261668746996,3.9175751105668097,4.712684639220019,private,masters,80.15799523100694
1.3749100199802393,0.8722250439078392,9,80.19711833640906,1.038374765641229,6.387637230292501,public,hs,78.43133833744638
4.171812636550911,0.8824941253445497,7,64.43952129990515,2.6296341600812445,5.717913312284372,private,bachelors,83.73137175667796
4.174268116874746,0.8723043296744106,16,91.19549570435032,3.5141367610603087,4.739125806376164,public,hs,97.9295184576406
1.1728950778595781,0.907046842625497,6,56.953759877305295,2.4116967336224793,8.464798244546454,public,hs,64.14641617805228
5.831024499666673,0.6318206244054938,12,57.74014414526884,5.357221416022243,5.284282292589488,public,bachelors,88.79538674309285
4.026904681736376,0.6423555633661419,9,87.96352770688313,3.3047223827580794,4.0016469491365525,public,bachelors,92.03759424218535
3.1872967392589575,0.9421404641048455,9,70.21101469877745,0.534319724700911,5.575163643063268,public,bachelors,85.4112798875786
5.0470521092698055,0.7427351011844537,14,75.19023316879722,5.2520187495806505,5.288855120733411,private,bachelors,93.63129447832542
2.9191225998189294,0.8273485161934039,10,84.55052886283613,1.867844584007117,5.980151491154771,public,hs,88.372176402455
2.855669220601961,0.8014011222933657,9,71.39829701587895,1.029425249818508,5.1831390532055615,public,hs,77.36321676477176
1.5496464004652213,0.8506650285350499,10,90.070580256368,3.857281221198182,5.690348295564599,private,bachelors,74.96798983519786
0.936812888344154,0.6307786844911809,15,60.07559377761478,4.847841498079889,6.781579656549669,public,bachelors,64.35162219585368
4.269723473285505,0.9079160905465657,11,72.02953266089327,1.7418270529959434,4.336909987050167,public,bachelors,91.49445088552777
5.064665809434255,0.6493609312652614,15,57.64577023688312,2.9243075508660734,4.341342640338447,public,hs,91.15451402382139
4.066792668575754,0.8725497847336141,19,60.70680500715099,5.807888386558226,5.27433195000922,public,masters,88.67530784277598
2.2129291001757014,0.7608568396602843,11,77.60249340890613,2.6517694238689726,6.203691970382855,private,bachelors,77.88602087826212
3.454332547314313,0.7969046544248554,14,77.08992974471164,2.2383217885873363,6.635110607992926,public,masters,91.2178733947075
3.38047484204394,0.8686774937442978,17,67.1588549717973,3.3025312530545197,5.520610330414286,public,hs,87.0773777715192
5.619396500845763,0.7484011002782547,10,50.41184361361776,4.2424822308141055,4.144117977978132,public,hs,88.61624429734428
2.3260452717341358,0.6184149885405889,9,70.17451738610124,3.8593834012448576,8.427629845705672,private,bachelors,66.97100665066183
0.9886959123960211,0.9856846206886423,11,62.13746181692539,0.19917693709955464,5.425602344572285,public,bachelors,65.3272337971556
5.261597359974065,0.8090707597631663,14,94.78758891145884,5.637986478185267,6.5031825560568866,public,hs,100.0
5.368370981321211,0.8968578564243443,13,76.03072175739995,2.7511193186587226,4.483068457849269,public,masters,100.0
0.28959357001137187,0.812517933489669,13,89.85555555192553,4.225325798419652,4.714110015766375,public,hs,71.56876788543867
1.1893441850368942,0.9278747610679889,7,81.10635438669092,3.59197129456735,7.370722071348245,public,masters,67.24425675525546
3.817701921596759,0.8258464716350904,6,54.11410394747725,0.985375487848718,5.191848089142934,public,bachelors,77.07689719627571
4.733070933809028,0.6491027513548784,12,72.08130804473058,5.968447362180697,7.057880194245371,public,hs,84.34841479793118
3.6401550404433025,0.8567626258623221,10,92.73679170633328,4.722706310928146,6.625687207330875,public,bachelors,95.17101351091283
1.1495351767593494,0.6690962677747937,5,73.91138612564389,4.036346761288211,6.658482605638386,public,masters,64.31225853240642
0.7058494515731946,0.929461654006651,13,56.362344992672604,1.6181763725963594,8.499657452782497,private,phd,71.19334380423822
3.0358358043911013,0.8724246401891261,7,84.31157040923118,1.1488292778199725,6.364733961518773,public,hs,88.05129561635687
4.893062439954068,0.9759234552572431,19,85.01033271267868,0.5378440592066038,8.568871273228952,public,hs,100.0
1.3024030864327572,0.8516323158166041,16,83.05415781459914,3.345821672972348,7.006685187678115,public,bachelors,82.78412598567446
0.45079616923670174,0.6900652389819084,16,79.73227674391475,1.2666064715416783,7.711435907845247,private,bachelors,72.86227979020063
3.306269974759828,0.8228550183301132,15,88.28991873219184,2.5254829741088094,6.354959934341698,public,bachelors,93.35018648199981
1.1509028888115278,0.9087089107839588,12,69.36434375541239,4.5662905966585825,7.171584141982138,private,hs,70.25687085179459
0.40454232290561754,0.8847553190100306,9,65.31471691417502,3.6394147920055344,8.495275859763964,public,hs,62.754104666059426
4.639587588247609,0.736918682400594,7,90.30252189645515,1.9050609364124134,6.9498394440747076,public,bachelors,92.35030746247406
4.927359636467535,0.8621404602415217,8,53.85902416053397,0.5570394263002811,7.488481731517471,public,masters,83.14671776728763
2.3900133065894122,0.9741076245204298,9,93.61003401779288,1.8490579886657554,4.969776873249774,public,hs,90.66125023628899
1.7644581610097065,0.8739240172398142,15,58.02827814499085,1.1838244582188244,4.39297534556494,public,masters,69.64348231929752
1.6627253366217467,0.7469205609009875,5,65.04419970422572,3.2715965956793545,8.764394846671323,public,bachelors,67.20242194849223
2.165828554970105,0.9643033321533714,19,86.08372106898062,2.5344211018864664,4.915795024088485,public,masters,97.43161397828014
3.4614458586975725,0.9310496770912691,13,55.62123014732416,2.1528148447172812,5.566987080165876,private,bachelors,77.99392914128855
3.166920468674864,0.9420735041068671,10,66.78006148260619,2.318219677068972,6.0379227612111315,private,masters,85.1815261494615
2.132095087036178,0.6427365506773206,11,79.19689693086555,2.447952839015529,8.085178102112813,public,bachelors,76.8545791669216
3.8245258754290887,0.7163315334562752,14,64.87645448290422,2.5572846318188622,5.483276906372789,public,hs,88.73689044517911
4.05460465168476,0.9160511210640809,14,88.02404128369275,1.9627994531531212,4.785908792706612,public,hs,96.41603842940866
3.349673687850206,0.7099229983538737,16,63.24813770133746,4.558111032297434,6.137327893859682,public,phd,85.35543793519092
2.3237694903112436,0.6294823742231425,12,76.54226676323673,3.1750324344370187,8.12587236731993,private,hs,75.46348291820915
3.7434166916348057,0.8733064049890343,5,65.86816143421474,0.06775323203654127,4.220191071946821,public,hs,75.03928102483079
3.5514166992846627,0.9197079825916156,11,54.93479462414395,2.463937709884042,6.668038696034792,public,bachelors,84.75032282682031
2.0419431442839984,0.8567071232561458,16,62.52924033667543,1.35000596031934,7.52020189244665,private,bachelors,76.29457055953738
1.8192060759854716,0.7379373345700018,10,86.7272661843069,3.572673492760984,6.332558459608913,public,bachelors,73.17112085865962
3.2744932741157196,0.8239093275870195,9,64.26243132879544,5.036276371812004,8.362669846564291,public,hs,76.96785860902159
3.6740504340111046,0.6086079805789841,5,65.53885890464979,4.460201270981071,5.906199826319671,public,hs,70.83271016280926
3.6647906335308527,0.8250646623012232,7,89.98539049426786,0.738042875946743,7.534825113626637,public,hs,94.10909587660493
2.2970280533871295,0.9427204698860312,19,91.20901911546311,3.003011933297077,4.843849994094748,public,hs,90.83095595342179
3.3946434432975314,0.631221294005828,16,75.83175337553814,2.793087620645456,4.68161060047008,private,bachelors,84.9676358190812
5.914617811178514,0.7533277586191328,6,54.96800079107764,2.637521480689551,7.170126640734282,public,hs,88.6236633074482
2.5681471142637102,0.6659454870105946,19,61.66447679115821,2.214354625242691,6.1502853203339285,public,hs,78.21003085132469
5.0580882875399436,0.7520031586533026,5,85.61774179679708,4.120178095074383,6.6997238350214054,public,masters,94.03329260131598
